anno,nome,albania,altre,bangladesh,bosnia-erzegovina,brasile,camerun,cuba,ghana,india,italiane,kosovo,macedonia_del_nord,marocco,moldova,nigeria,polonia,repubblica_di_serbia,repubblica_dominicana,repubblica_popolare_cinese,romania,sri_lanka,straniere,taiwan,ucraina
2015,A.O. Integrata Con Università - Verona,0.0,195.0,0.0,0.0,0.0,0.0,0.0,0.0,0.0,365.0,0.0,0.0,31.0,0.0,52.0,0.0,0.0,0.0,0.0,83.0,0.0,361.0,0.0,0.0
2015,Adria,2.0,3.0,0.0,0.0,0.0,0.0,0.0,0.0,0.0,21.0,0.0,0.0,2.0,0.0,0.0,0.0,0.0,0.0,4.0,0.0,0.0,11.0,0.0,0.0
2015,Arzignano,0.0,39.0,0.0,0.0,0.0,0.0,0.0,11.0,22.0,72.0,0.0,0.0,0.0,0.0,0.0,0.0,8.0,0.0,0.0,0.0,0.0,80.0,0.0,0.0
2015,Asolo,0.0,61.0,0.0,0.0,0.0,0.0,0.0,0.0,0.0,173.0,0.0,0.0,12.0,0.0,0.0,0.0,0.0,0.0,28.0,24.0,0.0,125.0,0.0,0.0
2015,Azienda Ospedale - Università Padova,0.0,82.0,0.0,0.0,0.0,0.0,0.0,0.0,0.0,186.0,0.0,0.0,0.0,21.0,0.0,0.0,0.0,0.0,25.0,34.0,0.0,162.0,0.0,0.0
2015,Azienda Ulss N. 1 Dolomiti,0.0,0.0,0.0,0.0,0.0,0.0,0.0,0.0,0.0,0.0,0.0,0.0,0.0,0.0,0.0,0.0,0.0,0.0,0.0,0.0,0.0,0.0,0.0,0.0
2015,Azienda Ulss N. 2 Marca Trevigiana,0.0,0.0,0.0,0.0,0.0,0.0,0.0,0.0,0.0,0.0,0.0,0.0,0.0,0.0,0.0,0.0,0.0,0.0,0.0,0.0,0.0,0.0,0.0,0.0
2015,Azienda Ulss N. 3 Serenissima,0.0,0.0,0.0,0.0,0.0,0.0,0.0,0.0,0.0,0.0,0.0,0.0,0.0,0.0,0.0,0.0,0.0,0.0,0.0,0.0,0.0,0.0,0.0,0.0
2015,Azienda Ulss N. 4 Veneto Orientale,0.0,0.0,0.0,0.0,0.0,0.0,0.0,0.0,0.0,0.0,0.0,0.0,0.0,0.0,0.0,0.0,0.0,0.0,0.0,0.0,0.0,0.0,0.0,0.0
2015,Azienda Ulss N. 5 Polesana,0.0,0.0,0.0,0.0,0.0,0.0,0.0,0.0,0.0,0.0,0.0,0.0,0.0,0.0,0.0,0.0,0.0,0.0,0.0,0.0,0.0,0.0,0.0,0.0
2015,Azienda Ulss N. 6 Euganea,0.0,0.0,0.0,0.0,0.0,0.0,0.0,0.0,0.0,0.0,0.0,0.0,0.0,0.0,0.0,0.0,0.0,0.0,0.0,0.0,0.0,0.0,0.0,0.0
2015,Azienda Ulss N. 7 Pedemontana,0.0,0.0,0.0,0.0,0.0,0.0,0.0,0.0,0.0,0.0,0.0,0.0,0.0,0.0,0.0,0.0,0.0,0.0,0.0,0.0,0.0,0.0,0.0,0.0
2015,Azienda Ulss N. 8 Berica,0.0,0.0,0.0,0.0,0.0,0.0,0.0,0.0,0.0,0.0,0.0,0.0,0.0,0.0,0.0,0.0,0.0,0.0,0.0,0.0,0.0,0.0,0.0,0.0
2015,Azienda Ulss N. 9 Scaligera,0.0,0.0,0.0,0.0,0.0,0.0,0.0,0.0,0.0,0.0,0.0,0.0,0.0,0.0,0.0,0.0,0.0,0.0,0.0,0.0,0.0,0.0,0.0,0.0
2015,Bassano Del Grappa,0.0,40.0,0.0,0.0,0.0,0.0,0.0,5.0,0.0,70.0,5.0,0.0,0.0,0.0,0.0,0.0,0.0,0.0,0.0,8.0,0.0,58.0,0.0,0.0
2015,Belluno,0.0,13.0,0.0,0.0,0.0,2.0,0.0,0.0,0.0,75.0,0.0,0.0,0.0,0.0,0.0,0.0,0.0,0.0,0.0,3.0,0.0,21.0,0.0,3.0
2015,Bussolengo,0.0,9.0,0.0,0.0,0.0,0.0,0.0,0.0,0.0,31.0,0.0,0.0,0.0,0.0,0.0,0.0,0.0,0.0,2.0,8.0,2.0,21.0,0.0,0.0
2015,Chioggia,0.0,8.0,0.0,0.0,0.0,0.0,0.0,0.0,0.0,42.0,0.0,0.0,0.0,2.0,0.0,0.0,0.0,0.0,0.0,5.0,0.0,17.0,2.0,0.0
2015,Cittadella,6.0,29.0,0.0,0.0,0.0,0.0,0.0,0.0,0.0,108.0,0.0,0.0,5.0,0.0,0.0,0.0,0.0,0.0,0.0,30.0,0.0,70.0,0.0,0.0
2015,Este,0.0,29.0,0.0,0.0,0.0,0.0,0.0,0.0,0.0,83.0,0.0,0.0,0.0,6.0,0.0,0.0,0.0,0.0,9.0,7.0,0.0,51.0,0.0,0.0
2015,Feltre,4.0,14.0,0.0,0.0,0.0,0.0,0.0,0.0,0.0,91.0,0.0,0.0,7.0,0.0,0.0,0.0,0.0,0.0,0.0,0.0,0.0,29.0,0.0,4.0
2015,Legnago,0.0,12.0,0.0,0.0,0.0,0.0,0.0,0.0,0.0,61.0,0.0,0.0,9.0,0.0,0.0,0.0,0.0,0.0,4.0,18.0,0.0,43.0,0.0,0.0
2015,Mirano,0.0,58.0,0.0,0.0,0.0,0.0,0.0,0.0,0.0,221.0,0.0,0.0,14.0,0.0,0.0,0.0,0.0,0.0,17.0,29.0,0.0,118.0,0.0,0.0
2015,Padova,0.0,27.0,0.0,0.0,0.0,0.0,0.0,0.0,0.0,92.0,0.0,0.0,0.0,14.0,0.0,0.0,0.0,0.0,16.0,20.0,0.0,77.0,0.0,0.0
2015,Pieve Di Soligo,20.0,64.0,0.0,0.0,0.0,0.0,0.0,0.0,0.0,200.0,0.0,0.0,17.0,0.0,0.0,0.0,0.0,0.0,12.0,0.0,0.0,113.0,0.0,0.0
2015,Rovigo,0.0,20.0,0.0,0.0,0.0,0.0,0.0,0.0,0.0,129.0,0.0,0.0,6.0,0.0,0.0,0.0,0.0,0.0,21.0,9.0,0.0,56.0,0.0,0.0
2015,S. Dona' Di Piave,8.0,38.0,5.0,0.0,0.0,0.0,0.0,0.0,0.0,81.0,0.0,0.0,0.0,0.0,0.0,0.0,0.0,0.0,0.0,12.0,0.0,63.0,0.0,0.0
2015,Thiene,0.0,48.0,9.0,0.0,0.0,0.0,0.0,0.0,0.0,107.0,0.0,0.0,0.0,0.0,0.0,0.0,0.0,0.0,8.0,10.0,0.0,75.0,0.0,0.0
2015,Treviso,0.0,87.0,0.0,0.0,0.0,0.0,0.0,0.0,0.0,210.0,0.0,0.0,0.0,0.0,15.0,0.0,0.0,0.0,15.0,30.0,0.0,147.0,0.0,0.0
2015,Veneziana,0.0,113.0,0.0,0.0,0.0,0.0,0.0,0.0,0.0,269.0,0.0,0.0,0.0,34.0,0.0,0.0,0.0,0.0,43.0,37.0,0.0,227.0,0.0,0.0
2015,Verona,8.0,39.0,0.0,0.0,0.0,0.0,0.0,0.0,11.0,69.0,0.0,0.0,0.0,0.0,0.0,0.0,0.0,0.0,0.0,14.0,0.0,72.0,0.0,0.0
2015,Vicenza,0.0,75.0,0.0,0.0,0.0,0.0,0.0,0.0,0.0,146.0,0.0,0.0,0.0,12.0,0.0,0.0,15.0,0.0,0.0,29.0,0.0,131.0,0.0,0.0
2016,A.O. Integrata Con Università - Verona,0.0,191.0,0.0,0.0,0.0,0.0,0.0,0.0,0.0,347.0,0.0,0.0,0.0,0.0,77.0,0.0,0.0,0.0,0.0,75.0,35.0,378.0,0.0,0.0
2016,Adria,2.0,5.0,0.0,0.0,0.0,0.0,0.0,0.0,0.0,33.0,0.0,0.0,0.0,3.0,0.0,0.0,0.0,0.0,0.0,2.0,0.0,12.0,0.0,0.0
2016,Arzignano,0.0,39.0,0.0,0.0,0.0,0.0,0.0,0.0,24.0,81.0,0.0,0.0,0.0,0.0,0.0,0.0,12.0,0.0,0.0,6.0,0.0,81.0,0.0,0.0
2016,Asolo,0.0,46.0,0.0,0.0,0.0,0.0,0.0,0.0,0.0,146.0,0.0,0.0,11.0,0.0,0.0,0.0,0.0,0.0,20.0,22.0,0.0,99.0,0.0,0.0
2016,Azienda Ospedale - Università Padova,0.0,75.0,0.0,0.0,0.0,0.0,0.0,0.0,0.0,171.0,0.0,0.0,0.0,0.0,21.0,0.0,0.0,0.0,33.0,23.0,0.0,152.0,0.0,0.0
2016,Azienda Ulss N. 1 Dolomiti,0.0,0.0,0.0,0.0,0.0,0.0,0.0,0.0,0.0,0.0,0.0,0.0,0.0,0.0,0.0,0.0,0.0,0.0,0.0,0.0,0.0,0.0,0.0,0.0
2016,Azienda Ulss N. 2 Marca Trevigiana,0.0,0.0,0.0,0.0,0.0,0.0,0.0,0.0,0.0,0.0,0.0,0.0,0.0,0.0,0.0,0.0,0.0,0.0,0.0,0.0,0.0,0.0,0.0,0.0
2016,Azienda Ulss N. 3 Serenissima,0.0,0.0,0.0,0.0,0.0,0.0,0.0,0.0,0.0,0.0,0.0,0.0,0.0,0.0,0.0,0.0,0.0,0.0,0.0,0.0,0.0,0.0,0.0,0.0
2016,Azienda Ulss N. 4 Veneto Orientale,0.0,0.0,0.0,0.0,0.0,0.0,0.0,0.0,0.0,0.0,0.0,0.0,0.0,0.0,0.0,0.0,0.0,0.0,0.0,0.0,0.0,0.0,0.0,0.0
2016,Azienda Ulss N. 5 Polesana,0.0,0.0,0.0,0.0,0.0,0.0,0.0,0.0,0.0,0.0,0.0,0.0,0.0,0.0,0.0,0.0,0.0,0.0,0.0,0.0,0.0,0.0,0.0,0.0
2016,Azienda Ulss N. 6 Euganea,0.0,0.0,0.0,0.0,0.0,0.0,0.0,0.0,0.0,0.0,0.0,0.0,0.0,0.0,0.0,0.0,0.0,0.0,0.0,0.0,0.0,0.0,0.0,0.0
2016,Azienda Ulss N. 7 Pedemontana,0.0,0.0,0.0,0.0,0.0,0.0,0.0,0.0,0.0,0.0,0.0,0.0,0.0,0.0,0.0,0.0,0.0,0.0,0.0,0.0,0.0,0.0,0.0,0.0
2016,Azienda Ulss N. 8 Berica,0.0,0.0,0.0,0.0,0.0,0.0,0.0,0.0,0.0,0.0,0.0,0.0,0.0,0.0,0.0,0.0,0.0,0.0,0.0,0.0,0.0,0.0,0.0,0.0
2016,Azienda Ulss N. 9 Scaligera,0.0,0.0,0.0,0.0,0.0,0.0,0.0,0.0,0.0,0.0,0.0,0.0,0.0,0.0,0.0,0.0,0.0,0.0,0.0,0.0,0.0,0.0,0.0,0.0
2016,Bassano Del Grappa,0.0,29.0,0.0,0.0,0.0,0.0,0.0,5.0,0.0,62.0,0.0,0.0,0.0,0.0,0.0,0.0,0.0,4.0,0.0,5.0,0.0,43.0,0.0,0.0
2016,Belluno,2.0,14.0,0.0,2.0,0.0,0.0,0.0,0.0,0.0,56.0,0.0,0.0,0.0,0.0,0.0,0.0,0.0,0.0,0.0,4.0,0.0,22.0,0.0,0.0
2016,Bussolengo,0.0,21.0,0.0,0.0,0.0,0.0,0.0,0.0,0.0,66.0,0.0,0.0,6.0,5.0,0.0,0.0,0.0,0.0,0.0,13.0,0.0,45.0,0.0,0.0
2016,Chioggia,3.0,12.0,0.0,0.0,0.0,0.0,0.0,0.0,0.0,55.0,0.0,0.0,5.0,0.0,0.0,0.0,0.0,0.0,0.0,8.0,0.0,28.0,0.0,0.0
2016,Cittadella,9.0,27.0,0.0,0.0,0.0,0.0,0.0,0.0,0.0,140.0,0.0,0.0,0.0,0.0,0.0,0.0,0.0,0.0,9.0,25.0,0.0,70.0,0.0,0.0
2016,Este,0.0,21.0,0.0,0.0,0.0,0.0,0.0,0.0,0.0,85.0,0.0,0.0,8.0,7.0,0.0,0.0,0.0,0.0,0.0,15.0,0.0,51.0,0.0,0.0
2016,Feltre,0.0,19.0,0.0,0.0,0.0,0.0,0.0,0.0,0.0,87.0,0.0,6.0,0.0,0.0,0.0,0.0,0.0,0.0,5.0,4.0,0.0,34.0,0.0,0.0
2016,Legnago,6.0,12.0,0.0,0.0,0.0,0.0,0.0,0.0,0.0,57.0,0.0,0.0,9.0,0.0,0.0,0.0,0.0,0.0,0.0,15.0,0.0,42.0,0.0,0.0
2016,Mirano,0.0,56.0,0.0,0.0,0.0,0.0,0.0,0.0,0.0,233.0,0.0,0.0,0.0,0.0,18.0,0.0,0.0,0.0,20.0,37.0,0.0,131.0,0.0,0.0
2016,Padova,0.0,31.0,0.0,0.0,0.0,0.0,0.0,0.0,0.0,91.0,0.0,0.0,0.0,15.0,0.0,0.0,0.0,0.0,23.0,21.0,0.0,90.0,0.0,0.0
2016,Pieve Di Soligo,14.0,57.0,0.0,0.0,0.0,0.0,0.0,0.0,0.0,174.0,0.0,0.0,11.0,0.0,0.0,0.0,0.0,0.0,13.0,0.0,0.0,95.0,0.0,0.0
2016,Rovigo,0.0,20.0,0.0,0.0,0.0,0.0,0.0,0.0,0.0,100.0,0.0,0.0,10.0,0.0,0.0,0.0,0.0,0.0,7.0,12.0,0.0,49.0,0.0,0.0
2016,S. Dona' Di Piave,9.0,37.0,0.0,0.0,0.0,0.0,0.0,0.0,0.0,67.0,0.0,0.0,0.0,0.0,0.0,0.0,0.0,0.0,8.0,13.0,0.0,67.0,0.0,0.0
2016,Thiene,0.0,44.0,0.0,0.0,0.0,0.0,0.0,0.0,0.0,120.0,0.0,0.0,0.0,0.0,8.0,0.0,9.0,0.0,0.0,17.0,0.0,78.0,0.0,0.0
2016,Treviso,17.0,108.0,0.0,0.0,0.0,0.0,0.0,0.0,0.0,226.0,0.0,0.0,0.0,0.0,26.0,0.0,0.0,0.0,0.0,30.0,0.0,181.0,0.0,0.0
2016,Veneziana,0.0,109.0,0.0,0.0,0.0,0.0,0.0,0.0,0.0,257.0,0.0,0.0,0.0,36.0,0.0,0.0,0.0,0.0,31.0,29.0,0.0,205.0,0.0,0.0
2016,Verona,5.0,24.0,0.0,0.0,0.0,0.0,0.0,0.0,10.0,73.0,0.0,0.0,0.0,0.0,0.0,0.0,0.0,0.0,0.0,11.0,0.0,50.0,0.0,0.0
2016,Vicenza,11.0,73.0,0.0,0.0,0.0,0.0,0.0,0.0,0.0,175.0,0.0,0.0,0.0,0.0,14.0,0.0,0.0,0.0,0.0,23.0,0.0,121.0,0.0,0.0
2017,A.O. Integrata Con Università - Verona,0.0,153.0,0.0,0.0,0.0,0.0,0.0,0.0,0.0,300.0,0.0,0.0,0.0,0.0,70.0,0.0,0.0,0.0,0.0,55.0,29.0,307.0,0.0,0.0
2017,Adria,0.0,0.0,0.0,0.0,0.0,0.0,0.0,0.0,0.0,0.0,0.0,0.0,0.0,0.0,0.0,0.0,0.0,0.0,0.0,0.0,0.0,0.0,0.0,0.0
2017,Arzignano,0.0,0.0,0.0,0.0,0.0,0.0,0.0,0.0,0.0,0.0,0.0,0.0,0.0,0.0,0.0,0.0,0.0,0.0,0.0,0.0,0.0,0.0,0.0,0.0
2017,Asolo,0.0,0.0,0.0,0.0,0.0,0.0,0.0,0.0,0.0,0.0,0.0,0.0,0.0,0.0,0.0,0.0,0.0,0.0,0.0,0.0,0.0,0.0,0.0,0.0
2017,Azienda Ospedale - Università Padova,0.0,75.0,0.0,0.0,0.0,0.0,0.0,0.0,0.0,166.0,0.0,0.0,0.0,28.0,22.0,0.0,0.0,0.0,0.0,33.0,0.0,158.0,0.0,0.0
2017,Azienda Ulss N. 1 Dolomiti,0.0,29.0,0.0,0.0,0.0,0.0,0.0,0.0,0.0,150.0,0.0,5.0,7.0,0.0,0.0,0.0,0.0,0.0,0.0,6.0,0.0,47.0,0.0,0.0
2017,Azienda Ulss N. 2 Marca Trevigiana,0.0,198.0,0.0,0.0,0.0,0.0,0.0,0.0,0.0,518.0,0.0,0.0,0.0,0.0,26.0,0.0,0.0,0.0,41.0,50.0,0.0,315.0,0.0,0.0
2017,Azienda Ulss N. 3 Serenissima,0.0,192.0,0.0,0.0,0.0,0.0,0.0,0.0,0.0,478.0,0.0,0.0,0.0,0.0,39.0,0.0,0.0,0.0,38.0,48.0,0.0,317.0,0.0,0.0
2017,Azienda Ulss N. 4 Veneto Orientale,6.0,25.0,0.0,0.0,0.0,0.0,0.0,0.0,0.0,76.0,0.0,0.0,0.0,0.0,4.0,0.0,0.0,0.0,0.0,12.0,0.0,47.0,0.0,0.0
2017,Azienda Ulss N. 5 Polesana,0.0,36.0,0.0,0.0,0.0,0.0,0.0,0.0,0.0,131.0,0.0,0.0,0.0,9.0,0.0,0.0,0.0,0.0,21.0,23.0,0.0,89.0,0.0,0.0
2017,Azienda Ulss N. 6 Euganea,0.0,98.0,0.0,0.0,0.0,0.0,0.0,0.0,0.0,325.0,0.0,0.0,0.0,0.0,24.0,0.0,0.0,0.0,23.0,54.0,0.0,199.0,0.0,0.0
2017,Azienda Ulss N. 7 Pedemontana,0.0,79.0,0.0,0.0,0.0,0.0,0.0,0.0,0.0,194.0,0.0,0.0,0.0,0.0,11.0,0.0,0.0,0.0,12.0,16.0,0.0,118.0,0.0,0.0
2017,Azienda Ulss N. 8 Berica,0.0,119.0,0.0,0.0,0.0,0.0,0.0,0.0,0.0,222.0,0.0,0.0,0.0,0.0,21.0,0.0,17.0,0.0,0.0,28.0,0.0,185.0,0.0,0.0
2017,Azienda Ulss N. 9 Scaligera,0.0,80.0,0.0,0.0,0.0,0.0,0.0,0.0,16.0,244.0,0.0,0.0,25.0,0.0,0.0,0.0,0.0,0.0,0.0,45.0,0.0,166.0,0.0,0.0
2017,Bassano Del Grappa,0.0,0.0,0.0,0.0,0.0,0.0,0.0,0.0,0.0,0.0,0.0,0.0,0.0,0.0,0.0,0.0,0.0,0.0,0.0,0.0,0.0,0.0,0.0,0.0
2017,Belluno,0.0,0.0,0.0,0.0,0.0,0.0,0.0,0.0,0.0,0.0,0.0,0.0,0.0,0.0,0.0,0.0,0.0,0.0,0.0,0.0,0.0,0.0,0.0,0.0
2017,Bussolengo,0.0,0.0,0.0,0.0,0.0,0.0,0.0,0.0,0.0,0.0,0.0,0.0,0.0,0.0,0.0,0.0,0.0,0.0,0.0,0.0,0.0,0.0,0.0,0.0
2017,Chioggia,0.0,0.0,0.0,0.0,0.0,0.0,0.0,0.0,0.0,0.0,0.0,0.0,0.0,0.0,0.0,0.0,0.0,0.0,0.0,0.0,0.0,0.0,0.0,0.0
2017,Cittadella,0.0,0.0,0.0,0.0,0.0,0.0,0.0,0.0,0.0,0.0,0.0,0.0,0.0,0.0,0.0,0.0,0.0,0.0,0.0,0.0,0.0,0.0,0.0,0.0
2017,Este,0.0,0.0,0.0,0.0,0.0,0.0,0.0,0.0,0.0,0.0,0.0,0.0,0.0,0.0,0.0,0.0,0.0,0.0,0.0,0.0,0.0,0.0,0.0,0.0
2017,Feltre,0.0,0.0,0.0,0.0,0.0,0.0,0.0,0.0,0.0,0.0,0.0,0.0,0.0,0.0,0.0,0.0,0.0,0.0,0.0,0.0,0.0,0.0,0.0,0.0
2017,Legnago,0.0,0.0,0.0,0.0,0.0,0.0,0.0,0.0,0.0,0.0,0.0,0.0,0.0,0.0,0.0,0.0,0.0,0.0,0.0,0.0,0.0,0.0,0.0,0.0
2017,Mirano,0.0,0.0,0.0,0.0,0.0,0.0,0.0,0.0,0.0,0.0,0.0,0.0,0.0,0.0,0.0,0.0,0.0,0.0,0.0,0.0,0.0,0.0,0.0,0.0
2017,Padova,0.0,0.0,0.0,0.0,0.0,0.0,0.0,0.0,0.0,0.0,0.0,0.0,0.0,0.0,0.0,0.0,0.0,0.0,0.0,0.0,0.0,0.0,0.0,0.0
2017,Pieve Di Soligo,0.0,0.0,0.0,0.0,0.0,0.0,0.0,0.0,0.0,0.0,0.0,0.0,0.0,0.0,0.0,0.0,0.0,0.0,0.0,0.0,0.0,0.0,0.0,0.0
2017,Rovigo,0.0,0.0,0.0,0.0,0.0,0.0,0.0,0.0,0.0,0.0,0.0,0.0,0.0,0.0,0.0,0.0,0.0,0.0,0.0,0.0,0.0,0.0,0.0,0.0
2017,S. Dona' Di Piave,0.0,0.0,0.0,0.0,0.0,0.0,0.0,0.0,0.0,0.0,0.0,0.0,0.0,0.0,0.0,0.0,0.0,0.0,0.0,0.0,0.0,0.0,0.0,0.0
2017,Thiene,0.0,0.0,0.0,0.0,0.0,0.0,0.0,0.0,0.0,0.0,0.0,0.0,0.0,0.0,0.0,0.0,0.0,0.0,0.0,0.0,0.0,0.0,0.0,0.0
2017,Treviso,0.0,0.0,0.0,0.0,0.0,0.0,0.0,0.0,0.0,0.0,0.0,0.0,0.0,0.0,0.0,0.0,0.0,0.0,0.0,0.0,0.0,0.0,0.0,0.0
2017,Veneziana,0.0,0.0,0.0,0.0,0.0,0.0,0.0,0.0,0.0,0.0,0.0,0.0,0.0,0.0,0.0,0.0,0.0,0.0,0.0,0.0,0.0,0.0,0.0,0.0
2017,Verona,0.0,0.0,0.0,0.0,0.0,0.0,0.0,0.0,0.0,0.0,0.0,0.0,0.0,0.0,0.0,0.0,0.0,0.0,0.0,0.0,0.0,0.0,0.0,0.0
2017,Vicenza,0.0,0.0,0.0,0.0,0.0,0.0,0.0,0.0,0.0,0.0,0.0,0.0,0.0,0.0,0.0,0.0,0.0,0.0,0.0,0.0,0.0,0.0,0.0,0.0
2018,A.O. Integrata Con Università - Verona,0.0,154.0,0.0,0.0,0.0,0.0,0.0,0.0,0.0,256.0,0.0,0.0,0.0,27.0,54.0,0.0,0.0,0.0,0.0,60.0,0.0,295.0,0.0,0.0
2018,Adria,0.0,0.0,0.0,0.0,0.0,0.0,0.0,0.0,0.0,0.0,0.0,0.0,0.0,0.0,0.0,0.0,0.0,0.0,0.0,0.0,0.0,0.0,0.0,0.0
2018,Arzignano,0.0,0.0,0.0,0.0,0.0,0.0,0.0,0.0,0.0,0.0,0.0,0.0,0.0,0.0,0.0,0.0,0.0,0.0,0.0,0.0,0.0,0.0,0.0,0.0
2018,Asolo,0.0,0.0,0.0,0.0,0.0,0.0,0.0,0.0,0.0,0.0,0.0,0.0,0.0,0.0,0.0,0.0,0.0,0.0,0.0,0.0,0.0,0.0,0.0,0.0
2018,Azienda Ospedale - Università Padova,0.0,65.0,0.0,0.0,0.0,0.0,0.0,0.0,0.0,141.0,0.0,0.0,0.0,19.0,15.0,0.0,0.0,0.0,0.0,24.0,0.0,123.0,0.0,0.0
2018,Azienda Ulss N. 1 Dolomiti,0.0,34.0,0.0,0.0,0.0,0.0,0.0,0.0,0.0,151.0,0.0,0.0,5.0,0.0,7.0,0.0,0.0,0.0,0.0,6.0,0.0,52.0,0.0,0.0
2018,Azienda Ulss N. 2 Marca Trevigiana,31.0,192.0,0.0,0.0,0.0,0.0,0.0,0.0,0.0,513.0,0.0,0.0,0.0,0.0,0.0,0.0,0.0,0.0,32.0,51.0,0.0,306.0,0.0,0.0
2018,Azienda Ulss N. 3 Serenissima,0.0,162.0,36.0,0.0,0.0,0.0,0.0,0.0,0.0,520.0,0.0,0.0,0.0,0.0,34.0,0.0,0.0,0.0,0.0,66.0,0.0,298.0,0.0,0.0
2018,Azienda Ulss N. 4 Veneto Orientale,8.0,21.0,5.0,0.0,0.0,0.0,0.0,0.0,0.0,62.0,0.0,0.0,0.0,0.0,0.0,0.0,0.0,0.0,0.0,12.0,0.0,46.0,0.0,0.0
2018,Azienda Ulss N. 5 Polesana,0.0,44.0,0.0,0.0,0.0,0.0,0.0,0.0,0.0,161.0,0.0,0.0,8.0,0.0,0.0,0.0,0.0,0.0,15.0,20.0,0.0,87.0,0.0,0.0
2018,Azienda Ulss N. 6 Euganea,0.0,112.0,0.0,0.0,0.0,0.0,0.0,0.0,0.0,333.0,0.0,0.0,0.0,27.0,0.0,0.0,0.0,0.0,22.0,58.0,0.0,219.0,0.0,0.0
2018,Azienda Ulss N. 7 Pedemontana,0.0,51.0,0.0,0.0,0.0,0.0,0.0,0.0,0.0,156.0,0.0,5.0,0.0,0.0,0.0,0.0,5.0,0.0,0.0,15.0,0.0,76.0,0.0,0.0
2018,Azienda Ulss N. 8 Berica,0.0,117.0,0.0,0.0,0.0,0.0,0.0,0.0,24.0,228.0,0.0,0.0,0.0,0.0,20.0,0.0,0.0,0.0,0.0,28.0,0.0,189.0,0.0,0.0
2018,Azienda Ulss N. 9 Scaligera,0.0,87.0,0.0,0.0,0.0,0.0,0.0,0.0,19.0,238.0,0.0,0.0,27.0,0.0,0.0,0.0,0.0,0.0,0.0,34.0,0.0,167.0,0.0,0.0
2018,Bassano Del Grappa,0.0,0.0,0.0,0.0,0.0,0.0,0.0,0.0,0.0,0.0,0.0,0.0,0.0,0.0,0.0,0.0,0.0,0.0,0.0,0.0,0.0,0.0,0.0,0.0
2018,Belluno,0.0,0.0,0.0,0.0,0.0,0.0,0.0,0.0,0.0,0.0,0.0,0.0,0.0,0.0,0.0,0.0,0.0,0.0,0.0,0.0,0.0,0.0,0.0,0.0
2018,Bussolengo,0.0,0.0,0.0,0.0,0.0,0.0,0.0,0.0,0.0,0.0,0.0,0.0,0.0,0.0,0.0,0.0,0.0,0.0,0.0,0.0,0.0,0.0,0.0,0.0
2018,Chioggia,0.0,0.0,0.0,0.0,0.0,0.0,0.0,0.0,0.0,0.0,0.0,0.0,0.0,0.0,0.0,0.0,0.0,0.0,0.0,0.0,0.0,0.0,0.0,0.0
2018,Cittadella,0.0,0.0,0.0,0.0,0.0,0.0,0.0,0.0,0.0,0.0,0.0,0.0,0.0,0.0,0.0,0.0,0.0,0.0,0.0,0.0,0.0,0.0,0.0,0.0
2018,Este,0.0,0.0,0.0,0.0,0.0,0.0,0.0,0.0,0.0,0.0,0.0,0.0,0.0,0.0,0.0,0.0,0.0,0.0,0.0,0.0,0.0,0.0,0.0,0.0
2018,Feltre,0.0,0.0,0.0,0.0,0.0,0.0,0.0,0.0,0.0,0.0,0.0,0.0,0.0,0.0,0.0,0.0,0.0,0.0,0.0,0.0,0.0,0.0,0.0,0.0
2018,Legnago,0.0,0.0,0.0,0.0,0.0,0.0,0.0,0.0,0.0,0.0,0.0,0.0,0.0,0.0,0.0,0.0,0.0,0.0,0.0,0.0,0.0,0.0,0.0,0.0
2018,Mirano,0.0,0.0,0.0,0.0,0.0,0.0,0.0,0.0,0.0,0.0,0.0,0.0,0.0,0.0,0.0,0.0,0.0,0.0,0.0,0.0,0.0,0.0,0.0,0.0
2018,Padova,0.0,0.0,0.0,0.0,0.0,0.0,0.0,0.0,0.0,0.0,0.0,0.0,0.0,0.0,0.0,0.0,0.0,0.0,0.0,0.0,0.0,0.0,0.0,0.0
2018,Pieve Di Soligo,0.0,0.0,0.0,0.0,0.0,0.0,0.0,0.0,0.0,0.0,0.0,0.0,0.0,0.0,0.0,0.0,0.0,0.0,0.0,0.0,0.0,0.0,0.0,0.0
2018,Rovigo,0.0,0.0,0.0,0.0,0.0,0.0,0.0,0.0,0.0,0.0,0.0,0.0,0.0,0.0,0.0,0.0,0.0,0.0,0.0,0.0,0.0,0.0,0.0,0.0
2018,S. Dona' Di Piave,0.0,0.0,0.0,0.0,0.0,0.0,0.0,0.0,0.0,0.0,0.0,0.0,0.0,0.0,0.0,0.0,0.0,0.0,0.0,0.0,0.0,0.0,0.0,0.0
2018,Thiene,0.0,0.0,0.0,0.0,0.0,0.0,0.0,0.0,0.0,0.0,0.0,0.0,0.0,0.0,0.0,0.0,0.0,0.0,0.0,0.0,0.0,0.0,0.0,0.0
2018,Treviso,0.0,0.0,0.0,0.0,0.0,0.0,0.0,0.0,0.0,0.0,0.0,0.0,0.0,0.0,0.0,0.0,0.0,0.0,0.0,0.0,0.0,0.0,0.0,0.0
2018,Veneziana,0.0,0.0,0.0,0.0,0.0,0.0,0.0,0.0,0.0,0.0,0.0,0.0,0.0,0.0,0.0,0.0,0.0,0.0,0.0,0.0,0.0,0.0,0.0,0.0
2018,Verona,0.0,0.0,0.0,0.0,0.0,0.0,0.0,0.0,0.0,0.0,0.0,0.0,0.0,0.0,0.0,0.0,0.0,0.0,0.0,0.0,0.0,0.0,0.0,0.0
2018,Vicenza,0.0,0.0,0.0,0.0,0.0,0.0,0.0,0.0,0.0,0.0,0.0,0.0,0.0,0.0,0.0,0.0,0.0,0.0,0.0,0.0,0.0,0.0,0.0,0.0
2019,A.O. Integrata Con Università - Verona,0.0,142.0,0.0,0.0,0.0,0.0,0.0,0.0,0.0,320.0,0.0,0.0,0.0,23.0,38.0,0.0,0.0,0.0,0.0,47.0,0.0,250.0,0.0,0.0
2019,Adria,0.0,0.0,0.0,0.0,0.0,0.0,0.0,0.0,0.0,0.0,0.0,0.0,0.0,0.0,0.0,0.0,0.0,0.0,0.0,0.0,0.0,0.0,0.0,0.0
2019,Arzignano,0.0,0.0,0.0,0.0,0.0,0.0,0.0,0.0,0.0,0.0,0.0,0.0,0.0,0.0,0.0,0.0,0.0,0.0,0.0,0.0,0.0,0.0,0.0,0.0
2019,Asolo,0.0,0.0,0.0,0.0,0.0,0.0,0.0,0.0,0.0,0.0,0.0,0.0,0.0,0.0,0.0,0.0,0.0,0.0,0.0,0.0,0.0,0.0,0.0,0.0
2019,Azienda Ospedale - Università Padova,0.0,48.0,0.0,0.0,0.0,0.0,0.0,0.0,0.0,137.0,0.0,0.0,0.0,0.0,20.0,0.0,0.0,0.0,17.0,32.0,0.0,117.0,0.0,0.0
2019,Azienda Ulss N. 1 Dolomiti,0.0,20.0,0.0,0.0,0.0,0.0,0.0,0.0,0.0,147.0,0.0,0.0,3.0,0.0,0.0,0.0,0.0,0.0,4.0,0.0,0.0,30.0,0.0,3.0
2019,Azienda Ulss N. 2 Marca Trevigiana,32.0,174.0,0.0,0.0,0.0,0.0,0.0,0.0,0.0,470.0,0.0,0.0,0.0,0.0,0.0,0.0,0.0,0.0,27.0,43.0,0.0,276.0,0.0,0.0
2019,Azienda Ulss N. 3 Serenissima,0.0,176.0,0.0,0.0,0.0,0.0,0.0,0.0,0.0,439.0,0.0,0.0,0.0,42.0,0.0,0.0,0.0,0.0,34.0,45.0,0.0,297.0,0.0,0.0
2019,Azienda Ulss N. 4 Veneto Orientale,7.0,31.0,6.0,0.0,0.0,0.0,0.0,0.0,0.0,67.0,0.0,0.0,0.0,0.0,0.0,0.0,0.0,0.0,0.0,10.0,0.0,54.0,0.0,0.0
2019,Azienda Ulss N. 5 Polesana,0.0,28.0,0.0,0.0,0.0,0.0,0.0,0.0,0.0,113.0,0.0,0.0,17.0,0.0,0.0,0.0,0.0,0.0,13.0,15.0,0.0,73.0,0.0,0.0
2019,Azienda Ulss N. 6 Euganea,0.0,81.0,0.0,0.0,0.0,0.0,0.0,0.0,0.0,314.0,0.0,0.0,23.0,23.0,0.0,0.0,0.0,0.0,0.0,50.0,0.0,177.0,0.0,0.0
2019,Azienda Ulss N. 7 Pedemontana,9.0,68.0,0.0,0.0,0.0,0.0,0.0,0.0,0.0,177.0,0.0,0.0,0.0,0.0,0.0,0.0,8.0,0.0,0.0,8.0,0.0,93.0,0.0,0.0
2019,Azienda Ulss N. 8 Berica,0.0,112.0,0.0,0.0,0.0,0.0,0.0,0.0,23.0,206.0,0.0,0.0,0.0,0.0,15.0,0.0,0.0,0.0,0.0,25.0,0.0,175.0,0.0,0.0
2019,Azienda Ulss N. 9 Scaligera,0.0,98.0,0.0,0.0,0.0,0.0,0.0,0.0,21.0,225.0,0.0,0.0,22.0,0.0,0.0,0.0,0.0,0.0,0.0,51.0,0.0,192.0,0.0,0.0
2019,Bassano Del Grappa,0.0,0.0,0.0,0.0,0.0,0.0,0.0,0.0,0.0,0.0,0.0,0.0,0.0,0.0,0.0,0.0,0.0,0.0,0.0,0.0,0.0,0.0,0.0,0.0
2019,Belluno,0.0,0.0,0.0,0.0,0.0,0.0,0.0,0.0,0.0,0.0,0.0,0.0,0.0,0.0,0.0,0.0,0.0,0.0,0.0,0.0,0.0,0.0,0.0,0.0
2019,Bussolengo,0.0,0.0,0.0,0.0,0.0,0.0,0.0,0.0,0.0,0.0,0.0,0.0,0.0,0.0,0.0,0.0,0.0,0.0,0.0,0.0,0.0,0.0,0.0,0.0
2019,Chioggia,0.0,0.0,0.0,0.0,0.0,0.0,0.0,0.0,0.0,0.0,0.0,0.0,0.0,0.0,0.0,0.0,0.0,0.0,0.0,0.0,0.0,0.0,0.0,0.0
2019,Cittadella,0.0,0.0,0.0,0.0,0.0,0.0,0.0,0.0,0.0,0.0,0.0,0.0,0.0,0.0,0.0,0.0,0.0,0.0,0.0,0.0,0.0,0.0,0.0,0.0
2019,Este,0.0,0.0,0.0,0.0,0.0,0.0,0.0,0.0,0.0,0.0,0.0,0.0,0.0,0.0,0.0,0.0,0.0,0.0,0.0,0.0,0.0,0.0,0.0,0.0
2019,Feltre,0.0,0.0,0.0,0.0,0.0,0.0,0.0,0.0,0.0,0.0,0.0,0.0,0.0,0.0,0.0,0.0,0.0,0.0,0.0,0.0,0.0,0.0,0.0,0.0
2019,Legnago,0.0,0.0,0.0,0.0,0.0,0.0,0.0,0.0,0.0,0.0,0.0,0.0,0.0,0.0,0.0,0.0,0.0,0.0,0.0,0.0,0.0,0.0,0.0,0.0
2019,Mirano,0.0,0.0,0.0,0.0,0.0,0.0,0.0,0.0,0.0,0.0,0.0,0.0,0.0,0.0,0.0,0.0,0.0,0.0,0.0,0.0,0.0,0.0,0.0,0.0
2019,Padova,0.0,0.0,0.0,0.0,0.0,0.0,0.0,0.0,0.0,0.0,0.0,0.0,0.0,0.0,0.0,0.0,0.0,0.0,0.0,0.0,0.0,0.0,0.0,0.0
2019,Pieve Di Soligo,0.0,0.0,0.0,0.0,0.0,0.0,0.0,0.0,0.0,0.0,0.0,0.0,0.0,0.0,0.0,0.0,0.0,0.0,0.0,0.0,0.0,0.0,0.0,0.0
2019,Rovigo,0.0,0.0,0.0,0.0,0.0,0.0,0.0,0.0,0.0,0.0,0.0,0.0,0.0,0.0,0.0,0.0,0.0,0.0,0.0,0.0,0.0,0.0,0.0,0.0
2019,S. Dona' Di Piave,0.0,0.0,0.0,0.0,0.0,0.0,0.0,0.0,0.0,0.0,0.0,0.0,0.0,0.0,0.0,0.0,0.0,0.0,0.0,0.0,0.0,0.0,0.0,0.0
2019,Thiene,0.0,0.0,0.0,0.0,0.0,0.0,0.0,0.0,0.0,0.0,0.0,0.0,0.0,0.0,0.0,0.0,0.0,0.0,0.0,0.0,0.0,0.0,0.0,0.0
2019,Treviso,0.0,0.0,0.0,0.0,0.0,0.0,0.0,0.0,0.0,0.0,0.0,0.0,0.0,0.0,0.0,0.0,0.0,0.0,0.0,0.0,0.0,0.0,0.0,0.0
2019,Veneziana,0.0,0.0,0.0,0.0,0.0,0.0,0.0,0.0,0.0,0.0,0.0,0.0,0.0,0.0,0.0,0.0,0.0,0.0,0.0,0.0,0.0,0.0,0.0,0.0
2019,Verona,0.0,0.0,0.0,0.0,0.0,0.0,0.0,0.0,0.0,0.0,0.0,0.0,0.0,0.0,0.0,0.0,0.0,0.0,0.0,0.0,0.0,0.0,0.0,0.0
2019,Vicenza,0.0,0.0,0.0,0.0,0.0,0.0,0.0,0.0,0.0,0.0,0.0,0.0,0.0,0.0,0.0,0.0,0.0,0.0,0.0,0.0,0.0,0.0,0.0,0.0
2020,A.O. Integrata Con Università - Verona,0.0,134.0,0.0,0.0,0.0,0.0,0.0,0.0,0.0,311.0,0.0,0.0,0.0,0.0,29.0,0.0,0.0,0.0,0.0,23.0,30.0,216.0,0.0,0.0
2020,Adria,0.0,0.0,0.0,0.0,0.0,0.0,0.0,0.0,0.0,0.0,0.0,0.0,0.0,0.0,0.0,0.0,0.0,0.0,0.0,0.0,0.0,0.0,0.0,0.0
2020,Arzignano,0.0,0.0,0.0,0.0,0.0,0.0,0.0,0.0,0.0,0.0,0.0,0.0,0.0,0.0,0.0,0.0,0.0,0.0,0.0,0.0,0.0,0.0,0.0,0.0
2020,Asolo,0.0,0.0,0.0,0.0,0.0,0.0,0.0,0.0,0.0,0.0,0.0,0.0,0.0,0.0,0.0,0.0,0.0,0.0,0.0,0.0,0.0,0.0,0.0,0.0
2020,Azienda Ospedale - Università Padova,0.0,72.0,0.0,0.0,0.0,0.0,0.0,0.0,0.0,169.0,0.0,0.0,0.0,23.0,24.0,0.0,0.0,0.0,0.0,36.0,0.0,155.0,0.0,0.0
2020,Azienda Ulss N. 1 Dolomiti,0.0,25.0,0.0,0.0,0.0,0.0,0.0,0.0,0.0,136.0,0.0,0.0,0.0,2.0,0.0,3.0,0.0,0.0,0.0,5.0,0.0,35.0,0.0,0.0
2020,Azienda Ulss N. 2 Marca Trevigiana,25.0,166.0,0.0,0.0,0.0,0.0,0.0,0.0,0.0,466.0,0.0,0.0,0.0,0.0,0.0,0.0,0.0,0.0,36.0,53.0,0.0,280.0,0.0,0.0
2020,Azienda Ulss N. 3 Serenissima,0.0,132.0,32.0,0.0,0.0,0.0,0.0,0.0,0.0,428.0,0.0,0.0,0.0,41.0,0.0,0.0,0.0,0.0,0.0,44.0,0.0,249.0,0.0,0.0
2020,Azienda Ulss N. 4 Veneto Orientale,8.0,15.0,0.0,0.0,0.0,0.0,0.0,0.0,0.0,71.0,0.0,0.0,0.0,0.0,0.0,0.0,0.0,0.0,3.0,7.0,0.0,33.0,0.0,0.0
2020,Azienda Ulss N. 5 Polesana,0.0,31.0,0.0,0.0,0.0,0.0,0.0,0.0,0.0,117.0,0.0,0.0,14.0,0.0,8.0,0.0,0.0,0.0,0.0,11.0,0.0,64.0,0.0,0.0
2020,Azienda Ulss N. 6 Euganea,0.0,60.0,0.0,0.0,0.0,0.0,0.0,0.0,0.0,298.0,0.0,0.0,22.0,20.0,0.0,0.0,0.0,0.0,0.0,46.0,0.0,148.0,0.0,0.0
2020,Azienda Ulss N. 7 Pedemontana,8.0,46.0,0.0,0.0,0.0,0.0,0.0,0.0,0.0,199.0,0.0,0.0,0.0,7.0,0.0,0.0,0.0,0.0,0.0,15.0,0.0,76.0,0.0,0.0
2020,Azienda Ulss N. 8 Berica,0.0,80.0,0.0,0.0,0.0,0.0,0.0,0.0,28.0,234.0,0.0,0.0,0.0,0.0,0.0,0.0,17.0,0.0,0.0,17.0,0.0,142.0,0.0,0.0
2020,Azienda Ulss N. 9 Scaligera,0.0,49.0,0.0,0.0,0.0,0.0,0.0,0.0,14.0,199.0,0.0,0.0,15.0,0.0,0.0,0.0,0.0,0.0,0.0,25.0,0.0,103.0,0.0,0.0
2020,Bassano Del Grappa,0.0,0.0,0.0,0.0,0.0,0.0,0.0,0.0,0.0,0.0,0.0,0.0,0.0,0.0,0.0,0.0,0.0,0.0,0.0,0.0,0.0,0.0,0.0,0.0
2020,Belluno,0.0,0.0,0.0,0.0,0.0,0.0,0.0,0.0,0.0,0.0,0.0,0.0,0.0,0.0,0.0,0.0,0.0,0.0,0.0,0.0,0.0,0.0,0.0,0.0
2020,Bussolengo,0.0,0.0,0.0,0.0,0.0,0.0,0.0,0.0,0.0,0.0,0.0,0.0,0.0,0.0,0.0,0.0,0.0,0.0,0.0,0.0,0.0,0.0,0.0,0.0
2020,Chioggia,0.0,0.0,0.0,0.0,0.0,0.0,0.0,0.0,0.0,0.0,0.0,0.0,0.0,0.0,0.0,0.0,0.0,0.0,0.0,0.0,0.0,0.0,0.0,0.0
2020,Cittadella,0.0,0.0,0.0,0.0,0.0,0.0,0.0,0.0,0.0,0.0,0.0,0.0,0.0,0.0,0.0,0.0,0.0,0.0,0.0,0.0,0.0,0.0,0.0,0.0
2020,Este,0.0,0.0,0.0,0.0,0.0,0.0,0.0,0.0,0.0,0.0,0.0,0.0,0.0,0.0,0.0,0.0,0.0,0.0,0.0,0.0,0.0,0.0,0.0,0.0
2020,Feltre,0.0,0.0,0.0,0.0,0.0,0.0,0.0,0.0,0.0,0.0,0.0,0.0,0.0,0.0,0.0,0.0,0.0,0.0,0.0,0.0,0.0,0.0,0.0,0.0
2020,Legnago,0.0,0.0,0.0,0.0,0.0,0.0,0.0,0.0,0.0,0.0,0.0,0.0,0.0,0.0,0.0,0.0,0.0,0.0,0.0,0.0,0.0,0.0,0.0,0.0
2020,Mirano,0.0,0.0,0.0,0.0,0.0,0.0,0.0,0.0,0.0,0.0,0.0,0.0,0.0,0.0,0.0,0.0,0.0,0.0,0.0,0.0,0.0,0.0,0.0,0.0
2020,Padova,0.0,0.0,0.0,0.0,0.0,0.0,0.0,0.0,0.0,0.0,0.0,0.0,0.0,0.0,0.0,0.0,0.0,0.0,0.0,0.0,0.0,0.0,0.0,0.0
2020,Pieve Di Soligo,0.0,0.0,0.0,0.0,0.0,0.0,0.0,0.0,0.0,0.0,0.0,0.0,0.0,0.0,0.0,0.0,0.0,0.0,0.0,0.0,0.0,0.0,0.0,0.0
2020,Rovigo,0.0,0.0,0.0,0.0,0.0,0.0,0.0,0.0,0.0,0.0,0.0,0.0,0.0,0.0,0.0,0.0,0.0,0.0,0.0,0.0,0.0,0.0,0.0,0.0
2020,S. Dona' Di Piave,0.0,0.0,0.0,0.0,0.0,0.0,0.0,0.0,0.0,0.0,0.0,0.0,0.0,0.0,0.0,0.0,0.0,0.0,0.0,0.0,0.0,0.0,0.0,0.0
2020,Thiene,0.0,0.0,0.0,0.0,0.0,0.0,0.0,0.0,0.0,0.0,0.0,0.0,0.0,0.0,0.0,0.0,0.0,0.0,0.0,0.0,0.0,0.0,0.0,0.0
2020,Treviso,0.0,0.0,0.0,0.0,0.0,0.0,0.0,0.0,0.0,0.0,0.0,0.0,0.0,0.0,0.0,0.0,0.0,0.0,0.0,0.0,0.0,0.0,0.0,0.0
2020,Veneziana,0.0,0.0,0.0,0.0,0.0,0.0,0.0,0.0,0.0,0.0,0.0,0.0,0.0,0.0,0.0,0.0,0.0,0.0,0.0,0.0,0.0,0.0,0.0,0.0
2020,Verona,0.0,0.0,0.0,0.0,0.0,0.0,0.0,0.0,0.0,0.0,0.0,0.0,0.0,0.0,0.0,0.0,0.0,0.0,0.0,0.0,0.0,0.0,0.0,0.0
2020,Vicenza,0.0,0.0,0.0,0.0,0.0,0.0,0.0,0.0,0.0,0.0,0.0,0.0,0.0,0.0,0.0,0.0,0.0,0.0,0.0,0.0,0.0,0.0,0.0,0.0
2021,A.O. Integrata Con Università - Verona,0.0,130.0,0.0,0.0,0.0,0.0,0.0,0.0,0.0,341.0,0.0,0.0,27.0,0.0,26.0,0.0,0.0,0.0,0.0,32.0,0.0,215.0,0.0,0.0
2021,Adria,0.0,0.0,0.0,0.0,0.0,0.0,0.0,0.0,0.0,0.0,0.0,0.0,0.0,0.0,0.0,0.0,0.0,0.0,0.0,0.0,0.0,0.0,0.0,0.0
2021,Arzignano,0.0,0.0,0.0,0.0,0.0,0.0,0.0,0.0,0.0,0.0,0.0,0.0,0.0,0.0,0.0,0.0,0.0,0.0,0.0,0.0,0.0,0.0,0.0,0.0
2021,Asolo,0.0,0.0,0.0,0.0,0.0,0.0,0.0,0.0,0.0,0.0,0.0,0.0,0.0,0.0,0.0,0.0,0.0,0.0,0.0,0.0,0.0,0.0,0.0,0.0
2021,Azienda Ospedale - Università Padova,0.0,77.0,0.0,0.0,0.0,0.0,0.0,0.0,0.0,168.0,0.0,0.0,0.0,0.0,20.0,0.0,0.0,0.0,15.0,30.0,0.0,142.0,0.0,0.0
2021,Azienda Ulss N. 1 Dolomiti,0.0,10.0,0.0,0.0,0.0,0.0,0.0,0.0,0.0,126.0,0.0,3.0,0.0,3.0,0.0,0.0,0.0,0.0,0.0,3.0,0.0,19.0,0.0,0.0
2021,Azienda Ulss N. 2 Marca Trevigiana,0.0,174.0,0.0,0.0,0.0,0.0,0.0,0.0,0.0,488.0,0.0,0.0,0.0,23.0,0.0,0.0,0.0,0.0,32.0,53.0,0.0,282.0,0.0,0.0
2021,Azienda Ulss N. 3 Serenissima,0.0,121.0,26.0,0.0,0.0,0.0,0.0,0.0,0.0,420.0,0.0,0.0,0.0,26.0,0.0,0.0,0.0,0.0,0.0,24.0,0.0,197.0,0.0,0.0
2021,Azienda Ulss N. 4 Veneto Orientale,12.0,18.0,0.0,0.0,0.0,0.0,0.0,0.0,0.0,55.0,0.0,0.0,6.0,0.0,0.0,0.0,0.0,0.0,0.0,10.0,0.0,46.0,0.0,0.0
2021,Azienda Ulss N. 5 Polesana,0.0,37.0,0.0,0.0,0.0,0.0,0.0,0.0,0.0,119.0,0.0,0.0,13.0,0.0,9.0,0.0,0.0,0.0,10.0,0.0,0.0,69.0,0.0,0.0
2021,Azienda Ulss N. 6 Euganea,0.0,73.0,0.0,0.0,0.0,0.0,0.0,0.0,0.0,316.0,0.0,0.0,16.0,0.0,0.0,0.0,0.0,0.0,17.0,29.0,0.0,135.0,0.0,0.0
2021,Azienda Ulss N. 7 Pedemontana,0.0,70.0,0.0,0.0,0.0,0.0,0.0,0.0,0.0,213.0,0.0,0.0,0.0,0.0,11.0,0.0,9.0,0.0,0.0,12.0,0.0,102.0,0.0,0.0
2021,Azienda Ulss N. 8 Berica,0.0,81.0,0.0,0.0,0.0,0.0,0.0,0.0,20.0,199.0,0.0,0.0,0.0,11.0,0.0,0.0,0.0,0.0,0.0,16.0,0.0,128.0,0.0,0.0
2021,Azienda Ulss N. 9 Scaligera,0.0,62.0,0.0,0.0,0.0,0.0,0.0,0.0,15.0,182.0,0.0,0.0,14.0,0.0,0.0,0.0,0.0,0.0,0.0,33.0,0.0,124.0,0.0,0.0
2021,Bassano Del Grappa,0.0,0.0,0.0,0.0,0.0,0.0,0.0,0.0,0.0,0.0,0.0,0.0,0.0,0.0,0.0,0.0,0.0,0.0,0.0,0.0,0.0,0.0,0.0,0.0
2021,Belluno,0.0,0.0,0.0,0.0,0.0,0.0,0.0,0.0,0.0,0.0,0.0,0.0,0.0,0.0,0.0,0.0,0.0,0.0,0.0,0.0,0.0,0.0,0.0,0.0
2021,Bussolengo,0.0,0.0,0.0,0.0,0.0,0.0,0.0,0.0,0.0,0.0,0.0,0.0,0.0,0.0,0.0,0.0,0.0,0.0,0.0,0.0,0.0,0.0,0.0,0.0
2021,Chioggia,0.0,0.0,0.0,0.0,0.0,0.0,0.0,0.0,0.0,0.0,0.0,0.0,0.0,0.0,0.0,0.0,0.0,0.0,0.0,0.0,0.0,0.0,0.0,0.0
2021,Cittadella,0.0,0.0,0.0,0.0,0.0,0.0,0.0,0.0,0.0,0.0,0.0,0.0,0.0,0.0,0.0,0.0,0.0,0.0,0.0,0.0,0.0,0.0,0.0,0.0
2021,Este,0.0,0.0,0.0,0.0,0.0,0.0,0.0,0.0,0.0,0.0,0.0,0.0,0.0,0.0,0.0,0.0,0.0,0.0,0.0,0.0,0.0,0.0,0.0,0.0
2021,Feltre,0.0,0.0,0.0,0.0,0.0,0.0,0.0,0.0,0.0,0.0,0.0,0.0,0.0,0.0,0.0,0.0,0.0,0.0,0.0,0.0,0.0,0.0,0.0,0.0
2021,Legnago,0.0,0.0,0.0,0.0,0.0,0.0,0.0,0.0,0.0,0.0,0.0,0.0,0.0,0.0,0.0,0.0,0.0,0.0,0.0,0.0,0.0,0.0,0.0,0.0
2021,Mirano,0.0,0.0,0.0,0.0,0.0,0.0,0.0,0.0,0.0,0.0,0.0,0.0,0.0,0.0,0.0,0.0,0.0,0.0,0.0,0.0,0.0,0.0,0.0,0.0
2021,Padova,0.0,0.0,0.0,0.0,0.0,0.0,0.0,0.0,0.0,0.0,0.0,0.0,0.0,0.0,0.0,0.0,0.0,0.0,0.0,0.0,0.0,0.0,0.0,0.0
2021,Pieve Di Soligo,0.0,0.0,0.0,0.0,0.0,0.0,0.0,0.0,0.0,0.0,0.0,0.0,0.0,0.0,0.0,0.0,0.0,0.0,0.0,0.0,0.0,0.0,0.0,0.0
2021,Rovigo,0.0,0.0,0.0,0.0,0.0,0.0,0.0,0.0,0.0,0.0,0.0,0.0,0.0,0.0,0.0,0.0,0.0,0.0,0.0,0.0,0.0,0.0,0.0,0.0
2021,S. Dona' Di Piave,0.0,0.0,0.0,0.0,0.0,0.0,0.0,0.0,0.0,0.0,0.0,0.0,0.0,0.0,0.0,0.0,0.0,0.0,0.0,0.0,0.0,0.0,0.0,0.0
2021,Thiene,0.0,0.0,0.0,0.0,0.0,0.0,0.0,0.0,0.0,0.0,0.0,0.0,0.0,0.0,0.0,0.0,0.0,0.0,0.0,0.0,0.0,0.0,0.0,0.0
2021,Treviso,0.0,0.0,0.0,0.0,0.0,0.0,0.0,0.0,0.0,0.0,0.0,0.0,0.0,0.0,0.0,0.0,0.0,0.0,0.0,0.0,0.0,0.0,0.0,0.0
2021,Veneziana,0.0,0.0,0.0,0.0,0.0,0.0,0.0,0.0,0.0,0.0,0.0,0.0,0.0,0.0,0.0,0.0,0.0,0.0,0.0,0.0,0.0,0.0,0.0,0.0
2021,Verona,0.0,0.0,0.0,0.0,0.0,0.0,0.0,0.0,0.0,0.0,0.0,0.0,0.0,0.0,0.0,0.0,0.0,0.0,0.0,0.0,0.0,0.0,0.0,0.0
2021,Vicenza,0.0,0.0,0.0,0.0,0.0,0.0,0.0,0.0,0.0,0.0,0.0,0.0,0.0,0.0,0.0,0.0,0.0,0.0,0.0,0.0,0.0,0.0,0.0,0.0
2022,A.O. Integrata Con Università - Verona,0.0,131.0,0.0,0.0,0.0,0.0,0.0,0.0,0.0,373.0,0.0,0.0,0.0,0.0,24.0,0.0,0.0,0.0,0.0,50.0,27.0,232.0,0.0,0.0
2022,Adria,0.0,0.0,0.0,0.0,0.0,0.0,0.0,0.0,0.0,0.0,0.0,0.0,0.0,0.0,0.0,0.0,0.0,0.0,0.0,0.0,0.0,0.0,0.0,0.0
2022,Arzignano,0.0,0.0,0.0,0.0,0.0,0.0,0.0,0.0,0.0,0.0,0.0,0.0,0.0,0.0,0.0,0.0,0.0,0.0,0.0,0.0,0.0,0.0,0.0,0.0
2022,Asolo,0.0,0.0,0.0,0.0,0.0,0.0,0.0,0.0,0.0,0.0,0.0,0.0,0.0,0.0,0.0,0.0,0.0,0.0,0.0,0.0,0.0,0.0,0.0,0.0
2022,Azienda Ospedale - Università Padova,0.0,69.0,0.0,0.0,0.0,0.0,0.0,0.0,0.0,145.0,0.0,0.0,0.0,15.0,17.0,0.0,0.0,0.0,0.0,23.0,0.0,124.0,0.0,0.0
2022,Azienda Ulss N. 1 Dolomiti,0.0,7.0,0.0,0.0,3.0,0.0,2.0,0.0,0.0,120.0,0.0,0.0,7.0,0.0,0.0,0.0,0.0,0.0,0.0,0.0,0.0,19.0,0.0,0.0
2022,Azienda Ulss N. 2 Marca Trevigiana,26.0,172.0,0.0,0.0,0.0,0.0,0.0,0.0,0.0,533.0,0.0,0.0,0.0,0.0,0.0,0.0,0.0,0.0,34.0,39.0,0.0,271.0,0.0,0.0
2022,Azienda Ulss N. 3 Serenissima,0.0,140.0,30.0,0.0,0.0,0.0,0.0,0.0,0.0,423.0,0.0,0.0,0.0,30.0,0.0,0.0,0.0,0.0,0.0,37.0,0.0,237.0,0.0,0.0
2022,Azienda Ulss N. 4 Veneto Orientale,6.0,26.0,0.0,0.0,0.0,0.0,0.0,0.0,0.0,69.0,0.0,0.0,0.0,6.0,0.0,0.0,0.0,0.0,0.0,5.0,0.0,43.0,0.0,0.0
2022,Azienda Ulss N. 5 Polesana,0.0,36.0,0.0,0.0,0.0,0.0,0.0,0.0,0.0,111.0,0.0,0.0,12.0,0.0,0.0,0.0,0.0,0.0,9.0,9.0,0.0,66.0,0.0,0.0
2022,Azienda Ulss N. 6 Euganea,0.0,71.0,0.0,0.0,0.0,0.0,0.0,0.0,0.0,329.0,0.0,0.0,0.0,23.0,0.0,0.0,0.0,0.0,16.0,39.0,0.0,149.0,0.0,0.0
2022,Azienda Ulss N. 7 Pedemontana,0.0,59.0,0.0,0.0,0.0,0.0,0.0,9.0,0.0,246.0,0.0,0.0,0.0,9.0,0.0,0.0,0.0,0.0,0.0,17.0,0.0,94.0,0.0,0.0
2022,Azienda Ulss N. 8 Berica,0.0,68.0,0.0,0.0,0.0,0.0,0.0,0.0,18.0,203.0,0.0,0.0,0.0,0.0,14.0,0.0,0.0,0.0,0.0,18.0,0.0,118.0,0.0,0.0
2022,Azienda Ulss N. 9 Scaligera,0.0,80.0,0.0,0.0,0.0,0.0,0.0,0.0,21.0,213.0,0.0,0.0,22.0,0.0,0.0,0.0,0.0,0.0,0.0,31.0,0.0,154.0,0.0,0.0
2022,Bassano Del Grappa,0.0,0.0,0.0,0.0,0.0,0.0,0.0,0.0,0.0,0.0,0.0,0.0,0.0,0.0,0.0,0.0,0.0,0.0,0.0,0.0,0.0,0.0,0.0,0.0
2022,Belluno,0.0,0.0,0.0,0.0,0.0,0.0,0.0,0.0,0.0,0.0,0.0,0.0,0.0,0.0,0.0,0.0,0.0,0.0,0.0,0.0,0.0,0.0,0.0,0.0
2022,Bussolengo,0.0,0.0,0.0,0.0,0.0,0.0,0.0,0.0,0.0,0.0,0.0,0.0,0.0,0.0,0.0,0.0,0.0,0.0,0.0,0.0,0.0,0.0,0.0,0.0
2022,Chioggia,0.0,0.0,0.0,0.0,0.0,0.0,0.0,0.0,0.0,0.0,0.0,0.0,0.0,0.0,0.0,0.0,0.0,0.0,0.0,0.0,0.0,0.0,0.0,0.0
2022,Cittadella,0.0,0.0,0.0,0.0,0.0,0.0,0.0,0.0,0.0,0.0,0.0,0.0,0.0,0.0,0.0,0.0,0.0,0.0,0.0,0.0,0.0,0.0,0.0,0.0
2022,Este,0.0,0.0,0.0,0.0,0.0,0.0,0.0,0.0,0.0,0.0,0.0,0.0,0.0,0.0,0.0,0.0,0.0,0.0,0.0,0.0,0.0,0.0,0.0,0.0
2022,Feltre,0.0,0.0,0.0,0.0,0.0,0.0,0.0,0.0,0.0,0.0,0.0,0.0,0.0,0.0,0.0,0.0,0.0,0.0,0.0,0.0,0.0,0.0,0.0,0.0
2022,Legnago,0.0,0.0,0.0,0.0,0.0,0.0,0.0,0.0,0.0,0.0,0.0,0.0,0.0,0.0,0.0,0.0,0.0,0.0,0.0,0.0,0.0,0.0,0.0,0.0
2022,Mirano,0.0,0.0,0.0,0.0,0.0,0.0,0.0,0.0,0.0,0.0,0.0,0.0,0.0,0.0,0.0,0.0,0.0,0.0,0.0,0.0,0.0,0.0,0.0,0.0
2022,Padova,0.0,0.0,0.0,0.0,0.0,0.0,0.0,0.0,0.0,0.0,0.0,0.0,0.0,0.0,0.0,0.0,0.0,0.0,0.0,0.0,0.0,0.0,0.0,0.0
2022,Pieve Di Soligo,0.0,0.0,0.0,0.0,0.0,0.0,0.0,0.0,0.0,0.0,0.0,0.0,0.0,0.0,0.0,0.0,0.0,0.0,0.0,0.0,0.0,0.0,0.0,0.0
2022,Rovigo,0.0,0.0,0.0,0.0,0.0,0.0,0.0,0.0,0.0,0.0,0.0,0.0,0.0,0.0,0.0,0.0,0.0,0.0,0.0,0.0,0.0,0.0,0.0,0.0
2022,S. Dona' Di Piave,0.0,0.0,0.0,0.0,0.0,0.0,0.0,0.0,0.0,0.0,0.0,0.0,0.0,0.0,0.0,0.0,0.0,0.0,0.0,0.0,0.0,0.0,0.0,0.0
2022,Thiene,0.0,0.0,0.0,0.0,0.0,0.0,0.0,0.0,0.0,0.0,0.0,0.0,0.0,0.0,0.0,0.0,0.0,0.0,0.0,0.0,0.0,0.0,0.0,0.0
2022,Treviso,0.0,0.0,0.0,0.0,0.0,0.0,0.0,0.0,0.0,0.0,0.0,0.0,0.0,0.0,0.0,0.0,0.0,0.0,0.0,0.0,0.0,0.0,0.0,0.0
2022,Veneziana,0.0,0.0,0.0,0.0,0.0,0.0,0.0,0.0,0.0,0.0,0.0,0.0,0.0,0.0,0.0,0.0,0.0,0.0,0.0,0.0,0.0,0.0,0.0,0.0
2022,Verona,0.0,0.0,0.0,0.0,0.0,0.0,0.0,0.0,0.0,0.0,0.0,0.0,0.0,0.0,0.0,0.0,0.0,0.0,0.0,0.0,0.0,0.0,0.0,0.0
2022,Vicenza,0.0,0.0,0.0,0.0,0.0,0.0,0.0,0.0,0.0,0.0,0.0,0.0,0.0,0.0,0.0,0.0,0.0,0.0,0.0,0.0,0.0,0.0,0.0,0.0
2023,A.O. Integrata Con Università - Verona,0.0,111.0,0.0,0.0,0.0,0.0,0.0,0.0,0.0,331.0,0.0,0.0,13.0,0.0,0.0,0.0,0.0,0.0,0.0,42.0,19.0,185.0,0.0,0.0
2023,Adria,0.0,0.0,0.0,0.0,0.0,0.0,0.0,0.0,0.0,0.0,0.0,0.0,0.0,0.0,0.0,0.0,0.0,0.0,0.0,0.0,0.0,0.0,0.0,0.0
2023,Arzignano,0.0,0.0,0.0,0.0,0.0,0.0,0.0,0.0,0.0,0.0,0.0,0.0,0.0,0.0,0.0,0.0,0.0,0.0,0.0,0.0,0.0,0.0,0.0,0.0
2023,Asolo,0.0,0.0,0.0,0.0,0.0,0.0,0.0,0.0,0.0,0.0,0.0,0.0,0.0,0.0,0.0,0.0,0.0,0.0,0.0,0.0,0.0,0.0,0.0,0.0
2023,Azienda Ospedale - Università Padova,0.0,56.0,0.0,0.0,0.0,0.0,0.0,0.0,0.0,148.0,0.0,0.0,0.0,11.0,26.0,0.0,0.0,0.0,0.0,16.0,0.0,109.0,0.0,0.0
2023,Azienda Ulss N. 1 Dolomiti,0.0,12.0,0.0,0.0,0.0,0.0,0.0,0.0,0.0,134.0,0.0,0.0,3.0,0.0,0.0,0.0,0.0,0.0,0.0,4.0,0.0,22.0,0.0,3.0
2023,Azienda Ulss N. 2 Marca Trevigiana,0.0,178.0,0.0,0.0,0.0,0.0,0.0,0.0,23.0,522.0,0.0,0.0,23.0,0.0,0.0,0.0,0.0,0.0,0.0,47.0,0.0,271.0,0.0,0.0
2023,Azienda Ulss N. 3 Serenissima,0.0,136.0,21.0,0.0,0.0,0.0,0.0,0.0,0.0,416.0,0.0,0.0,0.0,35.0,0.0,0.0,0.0,0.0,0.0,36.0,0.0,228.0,0.0,0.0
2023,Azienda Ulss N. 4 Veneto Orientale,6.0,18.0,3.0,0.0,0.0,0.0,0.0,0.0,0.0,43.0,0.0,0.0,0.0,0.0,0.0,0.0,0.0,0.0,0.0,4.0,0.0,31.0,0.0,0.0
2023,Azienda Ulss N. 5 Polesana,0.0,23.0,0.0,0.0,0.0,0.0,0.0,0.0,0.0,97.0,0.0,0.0,11.0,9.0,0.0,0.0,0.0,0.0,6.0,0.0,0.0,49.0,0.0,0.0
2023,Azienda Ulss N. 6 Euganea,17.0,99.0,0.0,0.0,0.0,0.0,0.0,0.0,0.0,352.0,0.0,0.0,0.0,0.0,0.0,0.0,0.0,0.0,17.0,46.0,0.0,179.0,0.0,0.0
2023,Azienda Ulss N. 7 Pedemontana,9.0,61.0,0.0,0.0,0.0,0.0,0.0,0.0,0.0,243.0,0.0,0.0,7.0,0.0,0.0,0.0,0.0,0.0,0.0,17.0,0.0,94.0,0.0,0.0
2023,Azienda Ulss N. 8 Berica,11.0,100.0,0.0,0.0,0.0,0.0,0.0,0.0,23.0,257.0,0.0,0.0,0.0,0.0,0.0,0.0,0.0,0.0,0.0,17.0,0.0,151.0,0.0,0.0
2023,Azienda Ulss N. 9 Scaligera,0.0,84.0,0.0,0.0,0.0,0.0,0.0,0.0,22.0,237.0,0.0,0.0,28.0,0.0,0.0,0.0,0.0,0.0,0.0,34.0,0.0,168.0,0.0,0.0
2023,Bassano Del Grappa,0.0,0.0,0.0,0.0,0.0,0.0,0.0,0.0,0.0,0.0,0.0,0.0,0.0,0.0,0.0,0.0,0.0,0.0,0.0,0.0,0.0,0.0,0.0,0.0
2023,Belluno,0.0,0.0,0.0,0.0,0.0,0.0,0.0,0.0,0.0,0.0,0.0,0.0,0.0,0.0,0.0,0.0,0.0,0.0,0.0,0.0,0.0,0.0,0.0,0.0
2023,Bussolengo,0.0,0.0,0.0,0.0,0.0,0.0,0.0,0.0,0.0,0.0,0.0,0.0,0.0,0.0,0.0,0.0,0.0,0.0,0.0,0.0,0.0,0.0,0.0,0.0
2023,Chioggia,0.0,0.0,0.0,0.0,0.0,0.0,0.0,0.0,0.0,0.0,0.0,0.0,0.0,0.0,0.0,0.0,0.0,0.0,0.0,0.0,0.0,0.0,0.0,0.0
2023,Cittadella,0.0,0.0,0.0,0.0,0.0,0.0,0.0,0.0,0.0,0.0,0.0,0.0,0.0,0.0,0.0,0.0,0.0,0.0,0.0,0.0,0.0,0.0,0.0,0.0
2023,Este,0.0,0.0,0.0,0.0,0.0,0.0,0.0,0.0,0.0,0.0,0.0,0.0,0.0,0.0,0.0,0.0,0.0,0.0,0.0,0.0,0.0,0.0,0.0,0.0
2023,Feltre,0.0,0.0,0.0,0.0,0.0,0.0,0.0,0.0,0.0,0.0,0.0,0.0,0.0,0.0,0.0,0.0,0.0,0.0,0.0,0.0,0.0,0.0,0.0,0.0
2023,Legnago,0.0,0.0,0.0,0.0,0.0,0.0,0.0,0.0,0.0,0.0,0.0,0.0,0.0,0.0,0.0,0.0,0.0,0.0,0.0,0.0,0.0,0.0,0.0,0.0
2023,Mirano,0.0,0.0,0.0,0.0,0.0,0.0,0.0,0.0,0.0,0.0,0.0,0.0,0.0,0.0,0.0,0.0,0.0,0.0,0.0,0.0,0.0,0.0,0.0,0.0
2023,Padova,0.0,0.0,0.0,0.0,0.0,0.0,0.0,0.0,0.0,0.0,0.0,0.0,0.0,0.0,0.0,0.0,0.0,0.0,0.0,0.0,0.0,0.0,0.0,0.0
2023,Pieve Di Soligo,0.0,0.0,0.0,0.0,0.0,0.0,0.0,0.0,0.0,0.0,0.0,0.0,0.0,0.0,0.0,0.0,0.0,0.0,0.0,0.0,0.0,0.0,0.0,0.0
2023,Rovigo,0.0,0.0,0.0,0.0,0.0,0.0,0.0,0.0,0.0,0.0,0.0,0.0,0.0,0.0,0.0,0.0,0.0,0.0,0.0,0.0,0.0,0.0,0.0,0.0
2023,S. Dona' Di Piave,0.0,0.0,0.0,0.0,0.0,0.0,0.0,0.0,0.0,0.0,0.0,0.0,0.0,0.0,0.0,0.0,0.0,0.0,0.0,0.0,0.0,0.0,0.0,0.0
2023,Thiene,0.0,0.0,0.0,0.0,0.0,0.0,0.0,0.0,0.0,0.0,0.0,0.0,0.0,0.0,0.0,0.0,0.0,0.0,0.0,0.0,0.0,0.0,0.0,0.0
2023,Treviso,0.0,0.0,0.0,0.0,0.0,0.0,0.0,0.0,0.0,0.0,0.0,0.0,0.0,0.0,0.0,0.0,0.0,0.0,0.0,0.0,0.0,0.0,0.0,0.0
2023,Veneziana,0.0,0.0,0.0,0.0,0.0,0.0,0.0,0.0,0.0,0.0,0.0,0.0,0.0,0.0,0.0,0.0,0.0,0.0,0.0,0.0,0.0,0.0,0.0,0.0
2023,Verona,0.0,0.0,0.0,0.0,0.0,0.0,0.0,0.0,0.0,0.0,0.0,0.0,0.0,0.0,0.0,0.0,0.0,0.0,0.0,0.0,0.0,0.0,0.0,0.0
2023,Vicenza,0.0,0.0,0.0,0.0,0.0,0.0,0.0,0.0,0.0,0.0,0.0,0.0,0.0,0.0,0.0,0.0,0.0,0.0,0.0,0.0,0.0,0.0,0.0,0.0
